日期,原料,投入重量(kg),果皮重量(kg),不良品重量(kg),果肉成品重量(kg),班別,步留率(%)
2026-05-05,柚子,287,86.2,31.8,169,食品二班,58.89
2026-03-14,蘋果,427,44,13.1,369.9,食品二班,86.63
2026-03-01,鳳梨,249,75.2,22.4,151.4,食品三班,60.8
2026-05-12,草莓,278,24.2,6.5,247.3,食品一班,88.96
2026-01-19,鳳梨,467,148.3,25.1,293.6,食品三班,62.87
2026-02-21,草莓,477,56.1,6.9,414,食品二班,86.79
2026-04-17,蘋果,196,19.6,5.4,171,食品一班,87.24
2026-03-23,草莓,383,34.8,11.1,337.1,食品三班,88.02
2026-01-07,柚子,447,165.7,19.4,261.9,食品三班,58.59
2026-05-11,柚子,499,178.1,33,287.9,食品二班,57.7
2026-05-20,蘋果,212,19.8,4.2,188,食品三班,88.68
2026-04-01,奇異果,487,86.6,12.4,388,食品一班,79.67
2026-01-22,柚子,357,121.8,28,207.2,食品二班,58.04
2026-02-13,芒果,246,37.8,7.4,200.8,食品一班,81.63
2026-04-07,鳳梨,194,77.5,9.1,107.4,食品三班,55.36
2026-01-03,蘋果,303,25.6,7,270.4,食品二班,89.24
2026-04-06,鳳梨,350,105.9,27.6,216.5,食品一班,61.86
2026-01-16,奇異果,379,68.7,20.2,290.1,食品一班,76.54
2026-03-20,蘋果,109,10,1.1,97.9,食品一班,89.82
2026-03-03,草莓,234,17.9,6.6,209.5,食品二班,89.53
2026-03-08,奇異果,279,39.8,12.6,226.6,食品三班,81.22
2026-05-19,草莓,243,26.6,4.3,212.1,食品二班,87.28
2026-03-30,奇異果,127,19.9,6.4,100.7,食品二班,79.29
2026-03-05,蘋果,388,34,9.7,344.3,食品三班,88.74
2026-05-03,奇異果,488,57.4,17,413.6,食品三班,84.75
2026-01-10,鳳梨,476,120.6,49,306.4,食品一班,64.37
2026-04-26,柚子,347,91.4,34,221.6,食品三班,63.86
2026-05-06,蘋果,417,44.6,6.8,365.6,食品二班,87.67
2026-02-26,鳳梨,190,53,19.2,117.8,食品一班,62
2026-01-24,芒果,159,27.7,7.6,123.7,食品二班,77.8
2026-04-13,蘋果,417,40.9,7.6,368.5,食品一班,88.37
2026-05-20,柚子,406,132,14.9,259.1,食品三班,63.82
2026-01-03,奇異果,374,47.7,17.9,308.4,食品三班,82.46
2026-04-04,草莓,466,51,8,407,食品二班,87.34
2026-04-14,鳳梨,211,67.2,22.1,121.7,食品一班,57.68
2026-01-31,蘋果,444,43.9,9.2,390.9,食品一班,88.04
2026-01-28,鳳梨,313,90.7,22.3,200,食品一班,63.9
2026-01-21,奇異果,168,24,7.9,136.1,食品三班,81.01
2026-03-24,奇異果,377,69.2,18.5,289.3,食品一班,76.74
2026-01-21,草莓,476,34.5,12.4,429.1,食品二班,90.15
2026-01-06,柚子,441,170.2,21.1,249.7,食品一班,56.62
2026-04-08,芒果,219,32.9,9.5,176.6,食品三班,80.64
2026-03-21,草莓,473,29.5,12.6,430.9,食品三班,91.1
2026-04-06,蘋果,427,41.2,6.2,379.6,食品二班,88.9
2026-05-20,蘋果,293,28.7,4.9,259.4,食品二班,88.53
2026-02-22,芒果,260,53.2,10.8,196,食品三班,75.38
2026-04-03,芒果,355,78,8.9,268.1,食品二班,75.52
2026-01-23,芒果,492,73.8,23.1,395.1,食品一班,80.3
2026-03-30,草莓,343,31.1,7.2,304.7,食品三班,88.83
2026-04-16,芒果,172,35.2,7.6,129.2,食品一班,75.12
2026-05-21,奇異果,123,24.4,5.6,93,食品二班,75.61
2026-04-15,蘋果,306,31.3,4.7,270,食品一班,88.24
2026-05-13,奇異果,459,74.6,24.5,359.9,食品一班,78.41
2026-03-24,蘋果,392,38.4,6.7,346.9,食品一班,88.49
2026-03-23,芒果,304,55.3,14,234.7,食品一班,77.2
2026-02-25,芒果,341,72.3,10.2,258.5,食品一班,75.81
2026-01-09,柚子,259,103.1,11.8,144.1,食品二班,55.64
2026-03-03,鳳梨,280,77.1,33,169.9,食品一班,60.68
2026-01-22,柚子,133,38.4,15.6,79,食品一班,59.4
2026-02-04,草莓,135,13.4,3.2,118.4,食品一班,87.7
2026-02-02,蘋果,281,23,5.2,252.8,食品三班,89.96
2026-05-12,芒果,103,17.2,2.6,83.2,食品三班,80.78
2026-03-10,鳳梨,297,100.4,33.1,163.5,食品三班,55.05
2026-01-28,柚子,141,43.5,13,84.5,食品一班,59.93
2026-05-14,草莓,174,16.8,4.1,153.1,食品一班,87.99
2026-04-06,芒果,327,49.9,10,267.1,食品一班,81.68
2026-02-02,芒果,353,56.1,13,283.9,食品三班,80.42
2026-04-30,奇異果,429,83.4,18.7,326.9,食品二班,76.2
2026-04-27,鳳梨,404,121.5,20.6,261.9,食品二班,64.83
2026-01-06,芒果,421,74.3,18.2,328.5,食品二班,78.03
2026-04-06,芒果,315,54.5,19.1,241.4,食品二班,76.63
2026-02-01,草莓,403,46.1,10.1,346.8,食品二班,86.05
2026-03-13,鳳梨,225,79.4,19.8,125.8,食品一班,55.91
2026-02-19,蘋果,420,33,13.4,373.6,食品二班,88.95
2026-03-25,草莓,107,10.2,3.2,93.6,食品三班,87.48
2026-03-09,芒果,214,34.9,9,170.1,食品一班,79.49
2026-02-22,蘋果,380,37.4,13,329.6,食品三班,86.74
2026-04-19,芒果,197,41.8,7.1,148.1,食品三班,75.18
2026-01-31,蘋果,234,22.4,3.8,207.8,食品一班,88.8
2026-02-27,柚子,126,44.5,11,70.5,食品一班,55.95
2026-03-15,柚子,328,104.7,13.4,209.9,食品三班,63.99
2026-01-11,鳳梨,254,95.9,11.9,146.2,食品二班,57.56
2026-01-01,蘋果,290,26.9,10,253.1,食品三班,87.28
2026-01-12,草莓,387,34.8,6.4,345.8,食品二班,89.35
2026-02-13,奇異果,440,61.9,22.4,355.7,食品一班,80.84
2026-03-12,草莓,374,36.1,10.6,327.3,食品二班,87.51
2026-05-10,蘋果,161,18.4,2.7,139.9,食品一班,86.89
2026-04-02,草莓,253,18.4,3.9,230.7,食品二班,91.19
2026-04-13,鳳梨,308,94.4,16.4,197.2,食品二班,64.03
2026-05-20,鳳梨,127,46.1,5.6,75.3,食品二班,59.29
2026-03-05,芒果,203,37.2,5.8,160,食品二班,78.82
2026-01-02,柚子,243,67.7,17.4,157.9,食品一班,64.98
2026-03-30,芒果,141,24.4,3.9,112.7,食品一班,79.93
2026-01-09,芒果,114,20.7,4.1,89.2,食品三班,78.25
2026-04-02,鳳梨,180,59.2,11.8,109,食品三班,60.56
2026-01-19,鳳梨,322,89.5,25.8,206.7,食品二班,64.19
2026-04-21,草莓,468,42.1,15.9,410,食品一班,87.61
2026-03-15,奇異果,168,19.7,6.9,141.4,食品二班,84.17
2026-03-09,鳳梨,314,95.2,30.1,188.7,食品一班,60.1
2026-04-04,蘋果,137,15,2.9,119.1,食品三班,86.93
2026-05-18,芒果,195,32.6,9.9,152.5,食品三班,78.21
2026-05-23,柚子,497,149.9,60.8,286.3,食品三班,57.61
2026-03-04,奇異果,186,35.2,6.7,144.1,食品三班,77.47
2026-02-15,草莓,407,50.8,5.8,350.4,食品三班,86.09
2026-04-26,柚子,367,110.1,29.2,227.7,食品二班,62.04
2026-05-16,草莓,272,18,7,247,食品二班,90.81
2026-01-06,芒果,310,54.2,19,236.8,食品一班,76.39
2026-02-15,蘋果,437,51.5,10.7,374.8,食品一班,85.77
2026-03-23,鳳梨,394,132.3,36,225.7,食品三班,57.28
2026-04-09,芒果,172,23.3,8.8,139.9,食品三班,81.34
2026-03-18,蘋果,141,15.4,3.6,122,食品一班,86.52
2026-02-14,鳳梨,116,28.9,11.8,75.3,食品二班,64.91
2026-01-08,草莓,486,59.7,8.5,417.8,食品三班,85.97
2026-03-25,鳳梨,230,73.1,9.1,147.8,食品二班,64.26
2026-05-12,柚子,394,132.6,21.5,239.9,食品一班,60.89
2026-01-23,奇異果,220,31,9.6,179.4,食品一班,81.55
2026-03-08,鳳梨,127,41.4,8.9,76.7,食品一班,60.39
2026-02-09,鳳梨,130,32.9,13.1,84,食品一班,64.62
2026-03-02,奇異果,429,71.7,22.4,334.9,食品二班,78.07
2026-01-07,芒果,224,46.4,9.5,168.1,食品三班,75.04
2026-05-19,奇異果,160,29.3,10.4,120.3,食品二班,75.19
2026-03-29,鳳梨,205,72.9,9.7,122.4,食品三班,59.71
2026-01-27,草莓,168,14.1,4.3,149.6,食品三班,89.05
2026-03-22,蘋果,179,21.4,2.5,155.1,食品三班,86.65
2026-02-16,奇異果,231,49.7,6.2,175.1,食品二班,75.8
2026-03-06,柚子,407,122.2,27.7,257.1,食品二班,63.17
2026-01-10,草莓,346,29.5,12.5,304,食品三班,87.86
2026-05-21,蘋果,189,18.9,7.6,162.5,食品二班,85.98
2026-03-28,草莓,412,29.4,6.2,376.4,食品二班,91.36
2026-01-23,柚子,250,74.1,20.2,155.7,食品二班,62.28
2026-05-04,蘋果,302,32.4,4.9,264.7,食品二班,87.65
2026-01-30,芒果,153,29.3,5.1,118.6,食品三班,77.52
2026-04-23,草莓,344,40.7,10.8,292.5,食品一班,85.03
2026-04-27,鳳梨,451,144.6,26.6,279.8,食品三班,62.04
2026-05-03,柚子,473,121.1,48.2,303.7,食品三班,64.21
2026-05-21,柚子,180,61.5,15.8,102.7,食品一班,57.06
2026-05-02,草莓,487,41.4,10.4,435.2,食品二班,89.36
2026-02-10,奇異果,406,52.7,10.5,342.8,食品二班,84.43
2026-03-16,鳳梨,295,89.8,37.3,167.9,食品一班,56.92
2026-03-20,草莓,283,27.6,8,247.4,食品二班,87.42
2026-03-03,柚子,461,154.3,44.6,262.1,食品三班,56.85
2026-03-12,柚子,301,79.1,33,188.9,食品三班,62.76
2026-03-04,芒果,368,76.1,13.5,278.4,食品三班,75.65
2026-05-23,芒果,290,53.3,16.2,220.5,食品三班,76.03
2026-02-15,鳳梨,245,77.1,16.4,151.5,食品二班,61.84
2026-03-16,蘋果,351,34.8,11.1,305.1,食品一班,86.92
2026-02-07,草莓,388,30.9,5.5,351.6,食品一班,90.62
2026-05-11,草莓,215,21.2,6.5,187.3,食品一班,87.12
2026-01-16,奇異果,428,79.4,12.4,336.2,食品一班,78.55
2026-01-30,蘋果,267,31.9,6.9,228.2,食品三班,85.47
2026-01-03,柚子,386,105.7,36.3,244,食品三班,63.21
2026-05-06,蘋果,399,36.3,8.6,354.1,食品一班,88.75
2026-02-07,鳳梨,100,34.9,5.9,59.2,食品一班,59.2
2026-05-13,奇異果,166,26.8,6.3,132.9,食品三班,80.06
2026-03-26,柚子,192,67.3,13.9,110.8,食品二班,57.71
2026-05-05,蘋果,258,25.7,5.8,226.5,食品一班,87.79
2026-04-01,柚子,318,92.6,23.7,201.7,食品三班,63.43
2026-01-17,芒果,231,38.2,6.8,186,食品三班,80.52
2026-03-15,蘋果,492,52.6,6.8,432.6,食品三班,87.93
2026-03-22,鳳梨,442,159.6,32.1,250.3,食品二班,56.63
2026-01-28,鳳梨,251,87.2,20.8,143,食品一班,56.97
2026-04-09,奇異果,417,88.9,14.5,313.6,食品二班,75.2
2026-03-03,柚子,474,133.4,40.6,300,食品三班,63.29
2026-04-30,奇異果,391,51.2,18.9,320.9,食品三班,82.07
2026-05-12,芒果,158,23.8,5.1,129.1,食品三班,81.71
2026-04-10,芒果,227,34,12.6,180.4,食品二班,79.47
2026-01-16,鳳梨,314,83.5,33.8,196.7,食品二班,62.64
2026-01-13,奇異果,126,23.4,6.1,96.5,食品一班,76.59
2026-03-11,蘋果,455,37.6,9.2,408.2,食品二班,89.71
2026-04-26,蘋果,132,13.6,3.6,114.8,食品二班,86.97
2026-02-22,奇異果,213,33.7,13.9,165.4,食品三班,77.65
2026-03-25,芒果,431,80.7,19.2,331.1,食品三班,76.82
2026-01-24,柚子,448,133.9,27.5,286.6,食品一班,63.97
2026-03-14,鳳梨,267,89.3,17,160.7,食品三班,60.19
2026-02-17,鳳梨,392,124.4,51.9,215.7,食品二班,55.03
2026-05-21,柚子,347,98.3,32.9,215.8,食品二班,62.19
2026-02-19,鳳梨,300,101.4,27.5,171.1,食品三班,57.03
2026-05-18,草莓,321,22.1,4.1,294.8,食品二班,91.84
2026-05-06,柚子,454,145.3,43.7,265,食品一班,58.37
2026-02-08,草莓,276,20.8,7.3,247.9,食品一班,89.82
2026-03-06,芒果,132,20.7,7.2,104.1,食品一班,78.86
2026-02-14,草莓,356,35.7,14.5,305.8,食品三班,85.9
2026-03-16,奇異果,231,35,9.6,186.4,食品二班,80.69
2026-02-01,奇異果,263,35.9,9.4,217.7,食品一班,82.78
2026-01-03,草莓,357,35.1,6.2,315.7,食品二班,88.43
2026-04-22,芒果,314,46.9,19.5,247.6,食品二班,78.85
2026-03-20,鳳梨,429,150.7,24.2,254.1,食品二班,59.23
2026-04-08,鳳梨,180,49.8,13.7,116.5,食品一班,64.72
2026-05-07,奇異果,388,84,10.5,293.5,食品三班,75.64
2026-02-28,柚子,194,61.1,9.8,123.1,食品二班,63.45
2026-03-18,蘋果,339,32.5,10.9,295.6,食品二班,87.2
2026-04-16,奇異果,253,53.6,6.4,193,食品一班,76.28
2026-04-02,芒果,202,37.6,11,153.4,食品三班,75.94
2026-01-12,奇異果,121,15.8,3.8,101.4,食品一班,83.8
2026-01-29,鳳梨,318,102,35.6,180.4,食品三班,56.73
2026-01-17,奇異果,399,55.8,6.6,336.6,食品三班,84.36
2026-03-02,草莓,272,23.9,5.6,242.5,食品一班,89.15
2026-03-07,奇異果,371,61.6,8.6,300.8,食品二班,81.08
2026-02-27,鳳梨,370,123.6,15.2,231.2,食品三班,62.49
2026-04-14,奇異果,350,63.2,22.3,264.5,食品一班,75.57
2026-04-12,柚子,336,98.1,27,210.9,食品二班,62.77
2026-04-30,鳳梨,268,71.5,24.9,171.6,食品三班,64.03
2026-04-06,芒果,306,58.7,7.7,239.6,食品三班,78.3
2026-03-09,蘋果,362,46.6,6.3,309.1,食品三班,85.39
2026-03-16,奇異果,443,52.6,17.3,373.1,食品一班,84.22
2026-03-22,奇異果,350,42.4,15.4,292.2,食品三班,83.49
2026-04-22,奇異果,271,54,12.1,204.9,食品二班,75.61
2026-03-21,蘋果,124,12.1,4.4,107.5,食品一班,86.69
2026-04-19,奇異果,198,36.5,5,156.5,食品一班,79.04
2026-03-01,蘋果,355,31,10.6,313.4,食品一班,88.28
2026-01-24,草莓,293,24.6,6.8,261.6,食品二班,89.28
2026-03-23,鳳梨,469,158.2,18.1,292.7,食品二班,62.41
2026-02-19,柚子,258,71,25.8,161.2,食品二班,62.48
2026-02-16,奇異果,214,41.2,7.3,165.5,食品一班,77.34
2026-01-02,奇異果,137,20,6.2,110.8,食品一班,80.88
2026-05-03,鳳梨,409,128.3,40.2,240.5,食品二班,58.8
2026-03-21,蘋果,103,10.2,2.8,90,食品一班,87.38
2026-05-03,草莓,449,45.1,6.2,397.7,食品三班,88.57
2026-03-16,草莓,488,31,10.7,446.3,食品一班,91.45
2026-01-07,草莓,230,22,7.1,200.9,食品二班,87.35
2026-01-26,奇異果,382,80.5,10.2,291.3,食品二班,76.26
2026-04-12,草莓,390,42.2,8.8,339,食品三班,86.92
2026-04-02,鳳梨,164,63.8,8.6,91.6,食品三班,55.85
2026-02-14,鳳梨,421,124.7,27.4,268.9,食品一班,63.87
2026-04-23,鳳梨,117,39.5,6.2,71.3,食品一班,60.94
2026-02-24,鳳梨,252,78.4,13,160.6,食品一班,63.73
2026-04-28,柚子,329,98.9,18.4,211.7,食品二班,64.35
2026-01-17,柚子,288,94.1,12.3,181.6,食品三班,63.06
2026-03-13,蘋果,191,15.9,6.3,168.8,食品二班,88.38
2026-01-19,奇異果,212,35.4,14.2,162.4,食品一班,76.6
2026-04-07,鳳梨,331,105.5,41.7,183.8,食品三班,55.53
2026-05-19,柚子,450,168.4,27.2,254.4,食品三班,56.53
2026-04-20,鳳梨,363,115.1,45.2,202.7,食品三班,55.84
2026-03-05,奇異果,454,84.9,13.3,355.8,食品二班,78.37
2026-03-11,柚子,348,124.4,27.3,196.3,食品三班,56.41
2026-02-25,柚子,191,60.8,13.1,117.1,食品二班,61.31
2026-03-14,奇異果,288,53.3,7.7,227,食品一班,78.82
2026-03-10,柚子,303,116,17.1,169.9,食品一班,56.07
2026-02-19,芒果,109,20.2,6.4,82.4,食品三班,75.6
2026-05-17,鳳梨,496,158.3,28,309.7,食品二班,62.44
2026-04-13,柚子,259,82.9,25.2,150.9,食品三班,58.26
2026-02-27,草莓,389,27.1,7.5,354.4,食品一班,91.11
2026-05-14,奇異果,178,36.9,4.9,136.2,食品一班,76.52
2026-01-11,奇異果,473,86.9,27,359.1,食品二班,75.92
2026-05-19,奇異果,391,48.3,19.5,323.2,食品三班,82.66
2026-02-26,奇異果,458,77.9,25.7,354.4,食品二班,77.38
2026-05-18,奇異果,290,38.6,9.2,242.2,食品一班,83.52
2026-05-18,草莓,380,28.9,7.2,343.9,食品二班,90.5
2026-03-06,柚子,332,104.6,24.1,203.3,食品三班,61.23
2026-04-05,蘋果,159,15,2.4,141.6,食品三班,89.06
2026-01-07,草莓,108,7.7,2.3,98,食品一班,90.74
2026-03-29,柚子,192,57.1,19.9,115,食品三班,59.9
2026-05-16,草莓,107,10.1,3,93.9,食品一班,87.76
2026-01-13,芒果,450,67.6,19,363.4,食品三班,80.76
2026-05-20,草莓,162,14.9,5.8,141.3,食品二班,87.22
2026-01-09,草莓,349,30.1,7.6,311.3,食品二班,89.2
2026-01-21,鳳梨,373,141.4,19.5,212.1,食品二班,56.86
2026-04-27,蘋果,119,11.5,4.7,102.8,食品三班,86.39
2026-01-05,柚子,187,57.7,17.6,111.7,食品一班,59.73
2026-02-12,蘋果,213,24.3,7.4,181.3,食品一班,85.12
2026-03-30,蘋果,150,15,3.2,131.8,食品一班,87.87
2026-01-07,柚子,475,131.1,53.2,290.7,食品二班,61.2
2026-01-26,鳳梨,300,82.7,32.9,184.4,食品一班,61.47
2026-04-17,草莓,364,40.3,6.6,317.1,食品三班,87.12
2026-03-13,蘋果,474,44.2,18.9,410.9,食品一班,86.69
2026-05-12,草莓,248,26.7,8.9,212.4,食品二班,85.65
2026-02-22,蘋果,263,23,7.4,232.6,食品一班,88.44
2026-01-15,草莓,148,16.8,3.5,127.7,食品二班,86.28
2026-01-29,柚子,455,140.3,54.9,259.8,食品三班,57.1
2026-03-04,草莓,472,41.4,11.3,419.3,食品三班,88.83
2026-03-24,柚子,133,36.9,11,85.1,食品二班,63.98
2026-03-20,柚子,106,36.1,8.7,61.2,食品三班,57.74
2026-05-30,芒果,158,27.1,7.5,123.4,食品一班,78.1
2026-05-17,奇異果,313,62.9,8.3,241.8,食品三班,77.25
2026-05-18,草莓,332,33.3,4,294.7,食品三班,88.77
2026-04-05,芒果,292,42.4,16.2,233.4,食品二班,79.93
2026-02-20,柚子,445,145.2,30.7,269.1,食品二班,60.47
2026-01-27,奇異果,177,27.8,5.7,143.5,食品三班,81.07
2026-01-27,芒果,273,46.3,13.8,212.9,食品三班,77.99
2026-03-04,蘋果,389,38,5.7,345.3,食品三班,88.77
2026-02-28,蘋果,419,38.9,10.4,369.7,食品一班,88.23
2026-03-13,蘋果,464,49.8,12.1,402.1,食品三班,86.66
2026-03-25,柚子,369,126.2,24.1,218.7,食品一班,59.27
2026-04-16,鳳梨,291,86.2,19.2,185.6,食品二班,63.78
2026-04-26,柚子,417,109.9,43.3,263.8,食品二班,63.26
2026-02-04,柚子,216,68.6,8.6,138.8,食品三班,64.26
2026-02-27,草莓,487,50.5,6.5,430,食品三班,88.3
2026-03-03,草莓,163,10.8,3.7,148.5,食品三班,91.1
2026-03-05,蘋果,247,27.1,4.4,215.5,食品一班,87.25
2026-01-10,芒果,448,76.8,17.2,354,食品二班,79.02
2026-01-20,柚子,192,60.5,11.7,119.8,食品一班,62.4
2026-03-21,芒果,146,20.5,7,118.5,食品二班,81.16
2026-03-16,蘋果,314,28.7,7.1,278.2,食品二班,88.6
2026-05-30,柚子,193,62.7,8.7,121.6,食品三班,63.01
2026-01-29,柚子,155,48.1,10.2,96.7,食品一班,62.39
2026-02-25,柚子,484,153.2,42.4,288.4,食品二班,59.59
2026-03-29,芒果,458,97.7,15.3,345,食品二班,75.33
2026-01-09,草莓,404,39.4,16.5,348.1,食品二班,86.16
2026-04-24,蘋果,152,18.9,2.5,130.6,食品二班,85.92
2026-02-11,鳳梨,317,97.2,15.8,204,食品一班,64.35
2026-02-10,柚子,463,136.5,42.3,284.2,食品三班,61.38
2026-04-19,芒果,321,57.3,17.4,246.3,食品三班,76.73
2026-02-24,奇異果,147,29.8,6.4,110.8,食品三班,75.37
2026-05-21,芒果,260,46.6,17.3,196.1,食品二班,75.42
2026-04-12,鳳梨,321,109.9,20.6,190.5,食品一班,59.35
2026-04-12,鳳梨,471,141,27.3,302.7,食品三班,64.27
2026-01-30,鳳梨,166,50.3,20.1,95.6,食品三班,57.59
2026-03-01,芒果,131,24.3,4.8,101.9,食品二班,77.79
2026-02-17,鳳梨,381,139.4,22.2,219.4,食品二班,57.59
2026-03-08,蘋果,496,52.9,8.5,434.6,食品三班,87.62
2026-05-24,芒果,427,71.7,20.7,334.6,食品一班,78.36
2026-04-06,蘋果,398,36.2,13,348.8,食品一班,87.64
2026-02-09,柚子,401,138.8,25.4,236.8,食品三班,59.05
2026-05-21,鳳梨,106,36.5,11,58.5,食品三班,55.19
2026-04-18,奇異果,197,27,5.6,164.4,食品二班,83.45
2026-05-12,蘋果,345,41.2,7.4,296.4,食品一班,85.91
2026-02-24,芒果,225,48.5,7.3,169.2,食品三班,75.2
2026-05-06,草莓,146,15.6,5.8,124.6,食品一班,85.34
2026-05-08,柚子,289,89.8,30,169.2,食品二班,58.55
2026-02-05,奇異果,107,19.5,6.9,80.6,食品二班,75.33
2026-05-23,蘋果,351,31.2,6.7,313.1,食品一班,89.2
2026-01-21,柚子,329,97.1,20.6,211.3,食品三班,64.22
2026-02-18,奇異果,231,37.9,12.2,180.9,食品二班,78.31
2026-04-12,芒果,289,57.6,6.7,224.7,食品二班,77.75
2026-05-25,草莓,426,25.7,10.3,390,食品三班,91.55
2026-04-21,鳳梨,391,134.6,18.2,238.2,食品一班,60.92
2026-01-23,奇異果,238,38.5,9.1,190.4,食品二班,80
2026-03-25,奇異果,368,49.3,7.4,311.3,食品三班,84.59
2026-05-24,鳳梨,288,108.7,17.4,161.9,食品一班,56.22
2026-04-08,奇異果,420,70.9,19.9,329.2,食品三班,78.38
2026-03-19,芒果,440,70.3,26.7,343,食品一班,77.95
2026-05-19,鳳梨,257,99.2,13.5,144.3,食品三班,56.15
2026-01-08,芒果,337,48.5,20.4,268.1,食品三班,79.55
2026-04-06,柚子,365,115.8,21.7,227.5,食品二班,62.33
2026-04-28,芒果,155,29,3.8,122.2,食品二班,78.84
2026-02-02,柚子,458,113.2,47.3,297.5,食品二班,64.96
2026-04-16,芒果,287,63.4,8.2,215.4,食品三班,75.05
2026-01-31,草莓,275,29.5,7.8,237.7,食品一班,86.44
2026-03-31,奇異果,490,90.7,18.7,380.6,食品三班,77.67
2026-04-03,柚子,386,112.8,39.9,233.3,食品一班,60.44
2026-01-22,鳳梨,297,95.5,12.4,189.1,食品一班,63.67
2026-02-18,蘋果,469,45.8,17.8,405.4,食品一班,86.44
2026-04-21,柚子,269,70.8,25.9,172.3,食品一班,64.05
2026-01-03,蘋果,480,47.9,16.7,415.4,食品二班,86.54
2026-03-20,芒果,120,19.1,3.4,97.5,食品二班,81.25
2026-05-23,奇異果,500,97,24.6,378.4,食品一班,75.68
2026-01-05,鳳梨,492,146.7,51.8,293.5,食品二班,59.65
2026-04-08,蘋果,369,36.4,9.8,322.8,食品一班,87.48
2026-02-07,蘋果,328,31.6,5.3,291.1,食品三班,88.75
2026-05-09,芒果,373,72.3,12,288.7,食品三班,77.4
2026-02-19,柚子,147,48.6,10.9,87.5,食品三班,59.52
2026-05-30,奇異果,136,15.1,5.6,115.3,食品二班,84.78
2026-03-23,草莓,350,31.3,4.8,313.9,食品二班,89.69
2026-03-31,鳳梨,341,108.3,26.4,206.3,食品一班,60.5
2026-04-15,草莓,207,22,6.4,178.6,食品一班,86.28
2026-01-17,草莓,443,52.1,6.1,384.8,食品三班,86.86
2026-03-08,蘋果,269,24.7,5.5,238.8,食品二班,88.77
2026-01-27,草莓,280,20.9,6.3,252.8,食品二班,90.29
2026-05-02,草莓,252,27.7,5.6,218.7,食品三班,86.79
2026-03-07,草莓,389,39.4,5.5,344.1,食品二班,88.46
2026-02-04,草莓,250,27.5,8.9,213.6,食品一班,85.44
2026-01-15,奇異果,485,86.1,32.5,366.4,食品三班,75.55
2026-02-07,草莓,169,16.6,3,149.4,食品二班,88.4
2026-01-30,奇異果,157,23,6.5,127.5,食品二班,81.21
2026-03-16,蘋果,308,29.9,7,271.1,食品二班,88.02
2026-02-03,鳳梨,105,32,6.5,66.5,食品一班,63.33
2026-04-01,蘋果,282,29.8,5.9,246.3,食品二班,87.34
2026-01-21,鳳梨,185,50.4,15.2,119.4,食品二班,64.54
2026-01-10,草莓,144,11.8,1.5,130.7,食品三班,90.76
2026-01-02,柚子,486,139,56.4,290.6,食品一班,59.79
2026-01-09,柚子,473,134.8,56.2,282,食品三班,59.62
2026-02-27,草莓,203,12.6,4.7,185.7,食品一班,91.48
2026-04-24,蘋果,240,29.9,5.1,205,食品二班,85.42
2026-02-03,蘋果,240,22.3,5,212.7,食品三班,88.62
2026-04-10,奇異果,307,61.1,7.4,238.5,食品一班,77.69
2026-01-19,蘋果,230,19.5,3.9,206.6,食品一班,89.83
2026-03-06,柚子,306,89.5,23.7,192.8,食品三班,63.01
2026-03-28,奇異果,323,50.3,20,252.7,食品二班,78.24
2026-03-26,芒果,250,39.6,14.3,196.1,食品一班,78.44
2026-02-24,草莓,399,37.8,4.6,356.6,食品二班,89.37
2026-01-12,蘋果,326,34.6,5.8,285.6,食品一班,87.61
2026-02-09,奇異果,325,39.6,10.7,274.7,食品一班,84.52
2026-05-29,芒果,414,79.3,19.1,315.6,食品一班,76.23
2026-04-13,草莓,240,15.5,6.6,217.9,食品三班,90.79
2026-03-02,奇異果,211,27.3,7,176.7,食品一班,83.74
2026-01-07,柚子,181,65.9,13.5,101.6,食品三班,56.13
2026-02-01,奇異果,273,41.9,10.8,220.3,食品三班,80.7
2026-02-08,芒果,282,48.4,6.8,226.8,食品三班,80.43
2026-05-02,奇異果,228,43.3,7.2,177.5,食品二班,77.85
2026-02-27,柚子,156,46.4,19.6,90,食品一班,57.69
2026-05-21,蘋果,226,17.6,6.9,201.5,食品一班,89.16
2026-04-17,奇異果,464,62.3,20.4,381.3,食品一班,82.18
2026-03-15,柚子,112,34.8,14.2,63,食品三班,56.25
2026-03-26,芒果,367,58.2,14.9,293.9,食品二班,80.08
2026-01-12,蘋果,194,18.1,3.4,172.5,食品一班,88.92
2026-05-14,奇異果,474,58.6,16.5,398.9,食品三班,84.16
2026-01-11,草莓,260,16.9,6.9,236.2,食品三班,90.85
2026-01-29,奇異果,401,50.4,13.7,336.9,食品一班,84.01
2026-04-02,奇異果,259,39.5,7,212.5,食品一班,82.05
2026-04-24,奇異果,241,46.1,6.9,188,食品二班,78.01
2026-01-04,鳳梨,284,88.5,34.2,161.3,食品二班,56.8
2026-05-14,奇異果,398,50.5,13,334.5,食品一班,84.05
2026-03-13,草莓,444,47.7,8.5,387.8,食品二班,87.34
2026-04-28,鳳梨,476,160.9,20.3,294.8,食品三班,61.93
2026-05-29,蘋果,189,21.1,3.1,164.8,食品二班,87.2
2026-03-06,鳳梨,265,77.2,33.1,154.7,食品一班,58.38
2026-03-04,蘋果,391,35,14.2,341.8,食品一班,87.42
2026-04-17,鳳梨,218,66.1,18.9,133,食品一班,61.01
2026-04-13,芒果,226,31.7,10.2,184.1,食品三班,81.46
2026-03-22,草莓,435,32.9,9.3,392.8,食品二班,90.3
2026-01-30,柚子,171,61.5,10.3,99.2,食品二班,58.01
2026-05-28,蘋果,365,28.8,11.3,324.9,食品三班,89.01
2026-05-26,奇異果,354,50.2,10.3,293.5,食品二班,82.91
2026-01-03,草莓,416,30.5,11.5,374,食品三班,89.9
2026-05-30,芒果,308,50.5,8.7,248.8,食品三班,80.78
2026-05-09,草莓,482,47.8,11.8,422.4,食品一班,87.63
2026-02-14,奇異果,488,95.8,25.1,367.1,食品三班,75.23
2026-02-09,柚子,347,106.3,19.7,221,食品一班,63.69
2026-04-15,柚子,227,74.4,11.1,141.5,食品二班,62.33
2026-05-07,柚子,441,139.1,40.3,261.6,食品一班,59.32
2026-04-20,柚子,366,108.9,31.7,225.4,食品二班,61.58
2026-01-08,蘋果,219,23.5,2.7,192.8,食品一班,88.04
2026-01-21,奇異果,451,61.1,11.3,378.6,食品一班,83.95
2026-02-09,柚子,262,79.6,12.4,170,食品二班,64.89
2026-04-25,鳳梨,267,87.5,14.9,164.6,食品二班,61.65
2026-03-13,蘋果,435,33,13.8,388.2,食品一班,89.24
2026-02-20,芒果,439,87.8,19,332.2,食品二班,75.67
2026-03-29,芒果,378,65.4,14.8,297.8,食品一班,78.78
2026-04-24,芒果,135,28.6,4.3,102.1,食品二班,75.63
2026-02-25,蘋果,155,17.9,2.3,134.8,食品三班,86.97
2026-01-23,草莓,159,15.7,4.6,138.7,食品三班,87.23
2026-02-05,奇異果,397,69,27.9,300.1,食品三班,75.59
2026-05-25,柚子,485,165.2,20.7,299.1,食品二班,61.67
2026-02-20,蘋果,493,43.2,9.5,440.3,食品二班,89.31
2026-01-04,芒果,164,29.2,11.3,123.5,食品一班,75.3
2026-03-02,草莓,230,20.1,3.4,206.5,食品一班,89.78
2026-01-19,奇異果,342,56.4,10.9,274.7,食品三班,80.32
2026-04-14,鳳梨,192,71.9,11.1,109,食品一班,56.77
2026-05-19,草莓,147,14.3,3.5,129.2,食品二班,87.89
2026-04-06,蘋果,383,46.7,7.1,329.2,食品三班,85.95
2026-05-21,芒果,267,41,14.8,211.2,食品二班,79.1
2026-04-19,芒果,198,41.3,4.9,151.8,食品一班,76.67
2026-04-17,柚子,386,118.1,44.3,223.6,食品一班,57.93
2026-02-02,芒果,107,15.8,4.2,87,食品二班,81.31
2026-04-17,柚子,419,139,23.9,256.1,食品一班,61.12
2026-03-03,柚子,257,82.6,26.7,147.7,食品一班,57.47
2026-02-06,柚子,376,124.3,43.1,208.6,食品一班,55.48
2026-05-22,芒果,312,55.3,7.3,249.4,食品一班,79.94
2026-02-03,芒果,500,77.5,15.3,407.2,食品二班,81.44
2026-04-05,奇異果,180,28.8,8.3,142.9,食品三班,79.39
2026-02-20,芒果,281,46.5,17,217.5,食品三班,77.4
2026-01-10,蘋果,110,12.2,4.2,93.6,食品三班,85.09
2026-01-03,奇異果,253,46.8,7,199.2,食品二班,78.74
2026-02-18,芒果,279,49.9,18.3,210.8,食品二班,75.56
2026-05-28,柚子,453,112.8,47.7,292.5,食品三班,64.57
2026-03-13,柚子,436,155,36,245,食品一班,56.19
2026-04-02,奇異果,244,39.5,10.5,194,食品一班,79.51
2026-01-23,芒果,203,30.1,9.8,163.1,食品三班,80.34
2026-02-07,蘋果,194,21.7,5.4,166.9,食品三班,86.03
2026-03-09,草莓,391,26.3,6.4,358.3,食品二班,91.64
2026-05-19,蘋果,172,20.6,2.4,149,食品一班,86.63
2026-05-08,蘋果,453,39.8,6.1,407.1,食品一班,89.87
2026-05-14,草莓,375,45.3,5.7,324,食品一班,86.4
2026-03-25,奇異果,265,39.4,15.6,210,食品二班,79.25
2026-05-26,柚子,277,81,16,180,食品二班,64.98
2026-04-23,芒果,329,65.6,10.6,252.8,食品三班,76.84
2026-04-05,芒果,162,25.1,7.3,129.6,食品一班,80
2026-05-07,芒果,436,69.8,23.3,342.9,食品一班,78.65
2026-03-10,草莓,439,37.7,14.4,386.9,食品二班,88.13
2026-02-02,奇異果,239,30.6,9.2,199.2,食品一班,83.35
2026-01-12,蘋果,365,33.5,4.6,326.9,食品一班,89.56
2026-03-21,奇異果,485,95.8,15.7,373.5,食品二班,77.01
2026-02-04,芒果,396,68.5,21,306.5,食品三班,77.4
2026-01-14,柚子,199,74.4,13.4,111.2,食品一班,55.88
2026-04-06,柚子,368,119.1,15.9,233,食品二班,63.32
2026-05-30,柚子,210,64.7,17.7,127.6,食品三班,60.76
2026-01-02,草莓,113,10.6,3.5,98.9,食品三班,87.52
2026-01-28,奇異果,111,15.5,3.4,92.1,食品二班,82.97
2026-02-07,芒果,355,60,25.4,269.6,食品三班,75.94
2026-01-03,芒果,121,20.9,6.9,93.2,食品一班,77.02
2026-01-17,奇異果,212,36.6,11.1,164.3,食品二班,77.5
2026-01-12,芒果,410,61.6,24.4,324,食品一班,79.02
2026-02-04,芒果,177,38.7,5.5,132.8,食品二班,75.03
2026-02-28,奇異果,357,63.6,14,279.4,食品一班,78.26
2026-04-08,奇異果,316,45.6,15.2,255.2,食品三班,80.76
2026-05-19,蘋果,346,32.8,13.6,299.6,食品二班,86.59
2026-02-06,奇異果,395,73.3,20.8,300.9,食品三班,76.18
2026-03-11,蘋果,313,26.1,9.9,277,食品三班,88.5
2026-03-26,鳳梨,424,151.5,33.9,238.6,食品一班,56.27
2026-02-24,草莓,367,37.2,14.7,315.1,食品三班,85.86
2026-05-22,奇異果,143,23.4,3.2,116.4,食品一班,81.4
2026-02-07,柚子,183,64,9.5,109.5,食品三班,59.84
2026-03-22,芒果,130,18.1,6.2,105.7,食品三班,81.31
2026-04-22,柚子,472,132.9,51.4,287.7,食品一班,60.95
2026-01-15,鳳梨,154,46.9,17,90.1,食品一班,58.51
2026-03-10,芒果,477,78.6,18.4,380,食品二班,79.66
2026-05-05,柚子,310,82.8,34.1,193.1,食品三班,62.29
2026-01-08,蘋果,301,30.7,4.7,265.6,食品二班,88.24
2026-05-11,柚子,375,123.6,17.5,233.9,食品一班,62.37
2026-04-13,奇異果,117,20.4,8.2,88.4,食品三班,75.56
2026-05-11,奇異果,319,56,10.4,252.6,食品三班,79.18
2026-03-20,草莓,324,27.1,5.9,291,食品二班,89.81
2026-02-16,草莓,134,12.5,5.2,116.3,食品二班,86.79
2026-04-13,鳳梨,326,99.1,16.2,210.7,食品二班,64.63
2026-02-16,草莓,478,55.3,9,413.7,食品二班,86.55
2026-03-16,鳳梨,265,101.2,14.4,149.4,食品二班,56.38
2026-02-23,奇異果,482,63.2,10.1,408.7,食品一班,84.79
2026-03-01,柚子,244,72.8,27,144.2,食品二班,59.1
2026-05-05,奇異果,116,16.4,3.1,96.5,食品三班,83.19
2026-02-23,草莓,207,20.4,7.8,178.8,食品二班,86.38
2026-04-27,鳳梨,387,125.6,16.2,245.2,食品一班,63.36
2026-01-27,鳳梨,211,66.6,27.2,117.2,食品二班,55.55
2026-02-18,草莓,108,9.7,2,96.3,食品一班,89.17
2026-04-08,奇異果,452,94.8,14.3,342.9,食品三班,75.86
2026-02-06,草莓,249,28.8,3.7,216.5,食品一班,86.95
2026-05-12,柚子,223,66.1,13.7,143.2,食品二班,64.22
2026-05-06,鳳梨,347,94.1,39.4,213.5,食品三班,61.53
2026-03-21,草莓,139,17,3.8,118.2,食品三班,85.04
2026-01-09,奇異果,320,44.7,17,258.3,食品二班,80.72
2026-04-20,蘋果,264,29.5,8.3,226.2,食品二班,85.68
2026-05-25,草莓,203,13.9,2.9,186.2,食品二班,91.72
2026-01-01,鳳梨,320,102,16.6,201.4,食品一班,62.94
2026-04-03,草莓,378,27.3,4.7,346,食品二班,91.53
2026-01-30,草莓,167,16.1,2.5,148.4,食品二班,88.86
2026-01-01,柚子,397,120.7,20.2,256.1,食品一班,64.51
2026-04-28,柚子,316,99.2,14.7,202.1,食品三班,63.96
2026-05-11,鳳梨,267,81.5,31.2,154.3,食品三班,57.79
2026-05-04,奇異果,218,30.7,5.2,182.1,食品一班,83.53
2026-04-09,鳳梨,129,41.7,8.1,79.2,食品三班,61.4
2026-05-27,蘋果,354,40.2,6.8,307,食品二班,86.72
2026-02-24,奇異果,254,29,10.4,214.6,食品三班,84.49
2026-03-06,芒果,334,57.7,16.8,259.5,食品三班,77.69
2026-05-22,奇異果,239,34.5,11.5,193,食品一班,80.75
2026-03-01,草莓,272,26.7,7.5,237.8,食品一班,87.43
2026-05-08,奇異果,254,47.4,14,192.6,食品一班,75.83
2026-03-28,芒果,249,48.6,13.1,187.3,食品三班,75.22
2026-02-26,鳳梨,147,45.4,18.1,83.5,食品三班,56.8
2026-05-24,芒果,287,52.1,8.1,226.8,食品二班,79.02
2026-02-09,草莓,162,16.1,6,139.9,食品一班,86.36
2026-04-06,蘋果,441,44.1,13.8,383.1,食品一班,86.87
2026-01-04,草莓,429,45.1,13.3,370.6,食品三班,86.39
2026-03-20,奇異果,272,37.6,12.6,221.8,食品三班,81.54
2026-03-16,草莓,440,30.5,12.4,397.1,食品三班,90.25
2026-05-16,草莓,386,33,7,346,食品三班,89.64
2026-05-11,鳳梨,170,53.8,18.6,97.6,食品一班,57.41
2026-04-03,鳳梨,221,72.8,14.2,134,食品三班,60.63
2026-05-15,草莓,486,41.3,6.9,437.8,食品一班,90.08
2026-02-02,奇異果,107,14,4.2,88.8,食品一班,82.99
2026-03-18,奇異果,222,29.3,8.5,184.2,食品一班,82.97
2026-04-28,芒果,167,26.8,5.3,134.9,食品一班,80.78
2026-01-12,蘋果,119,9.9,2.1,107,食品三班,89.92
2026-05-09,芒果,170,29.7,8.8,131.5,食品二班,77.35
2026-05-07,柚子,249,88.3,19.8,140.9,食品三班,56.59
2026-05-16,鳳梨,163,44.4,14.9,103.7,食品二班,63.62
2026-03-10,芒果,263,41.9,13.4,207.7,食品三班,78.97
2026-01-26,芒果,344,52.1,12,279.9,食品二班,81.37
2026-05-05,芒果,197,37.1,11.6,148.3,食品二班,75.28
2026-01-27,蘋果,131,13.1,1.9,116,食品一班,88.55
2026-04-12,芒果,224,33,10.3,180.7,食品一班,80.67
2026-03-16,鳳梨,464,167.2,36.8,260,食品一班,56.03
2026-05-07,柚子,398,119.5,50.9,227.6,食品一班,57.19
2026-04-02,鳳梨,397,111.1,30.9,255,食品二班,64.23
2026-04-02,柚子,486,149.3,47.2,289.5,食品一班,59.57
2026-01-10,蘋果,314,27.1,6.8,280.1,食品一班,89.2
2026-03-17,柚子,106,33.7,4.4,67.9,食品一班,64.06
2026-02-16,柚子,108,38.5,4.6,64.9,食品一班,60.09
2026-03-19,蘋果,331,37.5,6.8,286.7,食品一班,86.62
2026-02-15,鳳梨,172,48.5,19.7,103.8,食品一班,60.35
2026-02-02,蘋果,426,45.9,14.7,365.4,食品三班,85.77
2026-05-27,草莓,156,11.2,1.7,143.1,食品三班,91.73
2026-04-04,奇異果,131,16.4,3.6,111,食品一班,84.73
2026-05-09,奇異果,439,79.5,18.7,340.8,食品三班,77.63
2026-05-07,奇異果,291,63.5,8.1,219.4,食品三班,75.4
2026-05-11,柚子,103,38.1,7.3,57.6,食品一班,55.92
2026-05-13,柚子,486,189.9,26.7,269.4,食品二班,55.43
2026-04-18,蘋果,372,44.7,7.5,319.8,食品三班,85.97
2026-04-11,芒果,199,25.6,10.9,162.5,食品二班,81.66
2026-01-31,柚子,274,86.6,13.4,174,食品一班,63.5
2026-02-05,芒果,500,85.6,26.6,387.8,食品三班,77.56
2026-03-19,鳳梨,103,32.5,11.7,58.8,食品二班,57.09
2026-03-28,蘋果,291,29.9,11.9,249.2,食品二班,85.64
2026-03-01,鳳梨,475,143.8,57.9,273.3,食品二班,57.54
2026-02-28,芒果,339,65.9,8.2,264.9,食品三班,78.14
2026-01-03,柚子,414,119.5,39.6,254.9,食品二班,61.57
2026-03-03,奇異果,125,19.8,4.2,101,食品一班,80.8
2026-02-23,草莓,255,18.3,4.2,232.5,食品一班,91.18
2026-02-21,芒果,255,41.3,12.4,201.3,食品二班,78.94
2026-04-24,草莓,366,40.6,4.9,320.5,食品三班,87.57
2026-02-15,蘋果,310,29.7,8,272.3,食品二班,87.84
2026-05-25,柚子,468,158.2,49.8,260,食品一班,55.56
2026-04-13,蘋果,188,22.1,4.3,161.6,食品二班,85.96
2026-05-17,奇異果,461,58.8,19.6,382.6,食品二班,82.99
2026-01-13,芒果,252,46.3,13.4,192.3,食品二班,76.31
2026-01-25,草莓,317,34,10.1,272.9,食品三班,86.09
2026-01-02,奇異果,489,78.3,27.1,383.6,食品二班,78.45
2026-02-28,鳳梨,322,91.2,22.9,207.9,食品一班,64.57
2026-03-28,草莓,226,22.1,7.4,196.5,食品一班,86.95
2026-01-03,柚子,369,108.8,26.2,234,食品二班,63.41
2026-02-04,蘋果,387,38.3,14.4,334.3,食品三班,86.38
2026-05-30,芒果,247,47.4,13.6,186,食品一班,75.3
2026-05-03,鳳梨,419,156.6,28,234.4,食品三班,55.94
2026-02-14,奇異果,110,17.9,5,87.1,食品一班,79.18
2026-03-11,草莓,342,30.6,4.7,306.7,食品一班,89.68
2026-02-01,蘋果,215,18.9,6.1,190,食品一班,88.37
2026-02-20,蘋果,405,44,15.7,345.3,食品一班,85.26
2026-02-15,鳳梨,136,42.6,6.4,87,食品三班,63.97
2026-02-07,鳳梨,381,122.3,13.8,244.9,食品三班,64.28
2026-04-17,柚子,459,165.1,21.6,272.3,食品二班,59.32
2026-03-03,奇異果,150,19.9,3.2,126.9,食品一班,84.6
2026-03-18,蘋果,342,33.2,11.8,297,食品一班,86.84
2026-04-24,奇異果,281,31.1,12.4,237.5,食品三班,84.52
2026-05-09,芒果,379,52.3,17.1,309.6,食品三班,81.69
2026-01-15,蘋果,328,27,6.7,294.3,食品三班,89.73
2026-02-06,芒果,127,21.9,3.7,101.4,食品一班,79.84
2026-02-05,蘋果,144,18.7,2.8,122.5,食品一班,85.07
2026-01-26,鳳梨,187,68.6,12.2,106.2,食品一班,56.79
2026-03-19,奇異果,216,29.3,6.3,180.4,食品二班,83.52
2026-03-20,奇異果,369,45.5,17.5,306,食品三班,82.93
2026-03-18,柚子,168,60.1,10.2,97.7,食品二班,58.15
2026-04-12,柚子,437,160.4,31,245.6,食品二班,56.2
2026-05-15,蘋果,289,34.7,7.1,247.2,食品二班,85.54
2026-03-05,鳳梨,346,102.1,32,211.9,食品二班,61.24
2026-05-19,鳳梨,250,77.5,11.5,161,食品三班,64.4
2026-03-31,奇異果,409,68.2,20.3,320.5,食品三班,78.36
2026-03-13,芒果,383,57,15.2,310.8,食品三班,81.15
2026-04-26,奇異果,441,59.4,21,360.6,食品二班,81.77
2026-05-29,草莓,228,20.1,7,200.9,食品二班,88.11
2026-04-04,芒果,274,52.6,11.1,210.3,食品一班,76.75
2026-01-31,草莓,187,16.7,6.3,164,食品一班,87.7
2026-04-04,鳳梨,409,134.2,28.1,246.7,食品三班,60.32
2026-01-23,奇異果,496,87,26.4,382.6,食品一班,77.14
2026-01-04,鳳梨,209,66.6,12,130.4,食品一班,62.39
2026-01-01,鳳梨,406,126.2,39.4,240.4,食品二班,59.21
2026-05-25,草莓,493,29.5,11.3,452.2,食品二班,91.72
2026-03-16,奇異果,394,63.7,8.4,321.9,食品三班,81.7
2026-01-06,草莓,199,15.5,3.7,179.8,食品一班,90.35
2026-03-30,柚子,109,31.1,8.7,69.2,食品一班,63.49
2026-04-10,奇異果,359,45.5,16,297.5,食品一班,82.87
2026-05-12,蘋果,153,15.2,4,133.8,食品三班,87.45
2026-01-30,鳳梨,453,156.9,32.2,263.9,食品二班,58.26
2026-04-13,奇異果,408,70.7,8.3,329,食品三班,80.64
2026-04-16,芒果,283,49.3,14.3,219.4,食品二班,77.53
2026-01-27,蘋果,466,38,11.2,416.8,食品二班,89.44
2026-01-14,奇異果,277,54.7,12.1,210.2,食品一班,75.88
2026-03-21,柚子,400,119.4,21.7,258.9,食品三班,64.72
2026-04-28,鳳梨,447,145.9,32,269.1,食品二班,60.2
2026-03-19,草莓,263,30.2,9,223.8,食品二班,85.1
2026-04-25,芒果,240,45.1,11.9,183,食品一班,76.25
2026-01-01,草莓,168,19.7,2.4,145.9,食品一班,86.85
2026-05-26,鳳梨,367,115.8,14.7,236.5,食品一班,64.44
2026-05-16,鳳梨,382,125.2,32,224.8,食品一班,58.85
2026-05-25,奇異果,389,58.7,16.7,313.6,食品三班,80.62
2026-04-04,芒果,467,94.6,10.7,361.7,食品一班,77.45
2026-02-20,蘋果,452,37.3,9.3,405.4,食品三班,89.69
2026-02-09,芒果,100,18.5,4.8,76.7,食品三班,76.7
2026-01-30,柚子,256,83.2,10.3,162.5,食品二班,63.48
2026-05-04,柚子,389,122.3,32.1,234.6,食品二班,60.31
2026-05-08,芒果,191,33.9,6.9,150.2,食品三班,78.64
2026-04-08,芒果,271,42.7,12.4,215.9,食品三班,79.67
2026-01-19,蘋果,314,40.5,5.8,267.7,食品一班,85.25
2026-04-05,蘋果,286,35.5,4.2,246.3,食品一班,86.12
2026-03-03,草莓,456,39.3,16.2,400.5,食品三班,87.83
2026-04-11,草莓,378,41.1,5.7,331.2,食品三班,87.62
2026-03-13,鳳梨,299,107.2,20.9,170.9,食品三班,57.16
2026-02-21,奇異果,355,61.9,20.1,273,食品一班,76.9
2026-05-18,蘋果,243,24.8,3.2,215,食品一班,88.48
2026-05-05,草莓,305,35.5,7.2,262.3,食品一班,86
2026-03-09,柚子,357,119.7,24.1,213.2,食品一班,59.72
2026-02-24,奇異果,264,44.3,17.6,202.1,食品三班,76.55
2026-04-23,奇異果,262,41.8,13.6,206.6,食品三班,78.85
2026-01-21,柚子,197,60.4,9.2,127.4,食品一班,64.67
2026-03-09,芒果,232,47.9,7.5,176.6,食品三班,76.12
2026-02-21,鳳梨,460,164.2,34.5,261.3,食品三班,56.8
2026-01-07,鳳梨,121,36.7,14.1,70.2,食品三班,58.02
2026-02-17,柚子,136,38.6,12.3,85.1,食品二班,62.57
2026-02-20,蘋果,444,36.2,10.1,397.7,食品一班,89.57
2026-01-23,芒果,437,79.8,17.1,340.1,食品一班,77.83
2026-05-19,蘋果,173,14.6,4.4,154,食品二班,89.02
2026-01-29,奇異果,480,63.2,16.5,400.3,食品三班,83.4
2026-02-22,芒果,453,68.4,17.3,367.3,食品二班,81.08
2026-04-23,柚子,486,162.7,42.8,280.5,食品三班,57.72
2026-03-26,蘋果,303,35.7,7,260.3,食品一班,85.91
2026-03-07,柚子,404,139.3,37.2,227.5,食品三班,56.31
2026-02-18,草莓,388,39.3,16.2,332.5,食品二班,85.7
2026-04-10,柚子,472,147.6,39.3,285.1,食品一班,60.4
2026-01-13,鳳梨,304,105.4,21.5,177.1,食品三班,58.26
2026-05-07,奇異果,116,18,5.1,92.9,食品三班,80.09
2026-03-04,草莓,312,33.6,11.3,267.1,食品一班,85.61
2026-04-27,鳳梨,461,135.5,30,295.5,食品二班,64.1
2026-01-11,奇異果,152,24.2,8.4,119.4,食品二班,78.55
2026-03-08,蘋果,433,45.4,18.6,369,食品一班,85.22
2026-04-07,草莓,375,30.1,7.3,337.6,食品一班,90.03
2026-05-24,柚子,361,113.9,31.1,216,食品二班,59.83
2026-02-11,柚子,216,55.7,21.7,138.6,食品二班,64.17
2026-04-03,奇異果,401,54.4,13.2,333.4,食品三班,83.14
2026-01-21,蘋果,377,32.9,10.6,333.5,食品二班,88.46
2026-03-12,蘋果,149,15.5,5.6,127.9,食品三班,85.84
2026-05-30,蘋果,313,29,3.3,280.7,食品三班,89.68
2026-01-08,草莓,339,29.6,10,299.4,食品三班,88.32
2026-01-16,奇異果,284,47.1,18.3,218.6,食品三班,76.97
2026-05-06,柚子,428,146.8,45.7,235.5,食品一班,55.02
2026-04-29,芒果,202,34,5.8,162.2,食品二班,80.3
2026-03-14,芒果,432,70.5,15.5,346,食品一班,80.09
2026-05-14,鳳梨,211,69.6,20,121.4,食品二班,57.54
2026-03-26,芒果,123,20.7,8.1,94.2,食品二班,76.59
2026-02-15,草莓,329,32,13.3,283.7,食品三班,86.23
2026-01-10,奇異果,425,59.4,15.8,349.8,食品一班,82.31
2026-02-25,草莓,367,40.8,8.5,317.7,食品二班,86.57
2026-02-14,柚子,243,85.6,23.5,133.9,食品三班,55.1
2026-01-19,草莓,185,14.7,5.9,164.4,食品三班,88.86
2026-05-09,芒果,111,21.3,5.3,84.4,食品一班,76.04
2026-03-23,蘋果,260,30.4,3.6,226,食品一班,86.92
2026-04-11,蘋果,303,28.9,7,267.1,食品二班,88.15
2026-01-09,芒果,317,57.8,6.6,252.6,食品二班,79.68
2026-03-27,鳳梨,103,32.7,8.5,61.8,食品三班,60
2026-05-16,芒果,416,79.2,12,324.8,食品二班,78.08
2026-05-07,芒果,169,29.5,7.3,132.2,食品三班,78.22
2026-03-26,草莓,419,33.2,11.3,374.5,食品二班,89.38
2026-03-17,柚子,448,129.3,35.4,283.3,食品三班,63.24
2026-04-13,蘋果,139,15.1,4.7,119.2,食品三班,85.76
2026-01-09,奇異果,219,38.6,13.2,167.2,食品二班,76.35
2026-02-12,芒果,466,98.9,12.5,354.6,食品二班,76.09
2026-05-10,芒果,330,54.2,17.1,258.7,食品一班,78.39
2026-03-26,草莓,168,12.4,1.8,153.8,食品二班,91.55
2026-02-14,鳳梨,400,143.5,30.5,226,食品二班,56.5
2026-05-29,奇異果,252,50.8,11.5,189.7,食品三班,75.28
2026-04-16,草莓,379,40.7,10.7,327.6,食品三班,86.44
2026-03-03,草莓,100,12,2.1,85.9,食品一班,85.9
2026-05-18,奇異果,331,40.7,13.3,277,食品一班,83.69
2026-05-13,芒果,474,74.4,16.8,382.8,食品二班,80.76
2026-05-04,柚子,316,96.8,26.9,192.3,食品二班,60.85
2026-04-16,草莓,497,64.8,9.2,423,食品二班,85.11
2026-04-04,草莓,500,46.8,9.3,443.9,食品二班,88.78
2026-01-06,草莓,161,17.6,2.8,140.6,食品二班,87.33
2026-02-08,草莓,197,22.9,2.9,171.2,食品二班,86.9
2026-01-23,芒果,493,84,21.8,387.2,食品三班,78.54
2026-01-24,柚子,272,80,18.9,173.1,食品一班,63.64
2026-05-18,柚子,219,60.6,25.3,133.1,食品一班,60.78
2026-03-26,奇異果,195,28.4,4.1,162.5,食品一班,83.33
2026-02-24,草莓,209,16.9,6.7,185.4,食品三班,88.71
2026-05-02,柚子,182,46.6,17.1,118.3,食品二班,65
2026-04-21,芒果,146,21.3,5.8,118.9,食品三班,81.44
2026-01-20,鳳梨,176,63.3,12.2,100.5,食品三班,57.1
2026-01-09,鳳梨,207,65.7,10.7,130.6,食品一班,63.09
2026-05-22,柚子,207,72.3,14.2,120.5,食品一班,58.21
2026-03-11,柚子,103,31.1,6.4,65.5,食品二班,63.59
2026-01-10,柚子,167,56,7.9,103.1,食品一班,61.74
2026-02-20,奇異果,240,34.9,4.7,200.4,食品一班,83.5
2026-02-18,芒果,338,53.7,17.5,266.8,食品三班,78.93
2026-03-14,柚子,408,105.4,43,259.6,食品一班,63.63
2026-01-13,草莓,312,24.1,3,284.9,食品二班,91.31
2026-04-15,芒果,191,37.2,5.5,148.3,食品二班,77.64
2026-05-21,草莓,354,38.2,10.8,305,食品一班,86.16
2026-01-01,柚子,406,131.6,49.8,224.6,食品三班,55.32
2026-02-18,鳳梨,230,75.7,9.2,145.1,食品三班,63.09
2026-01-10,蘋果,372,42.9,12.2,316.9,食品三班,85.19
2026-04-27,蘋果,460,58.6,10.1,391.3,食品一班,85.07
2026-04-14,芒果,329,47.6,19,262.4,食品一班,79.76
2026-04-28,鳳梨,266,72.6,25.7,167.7,食品三班,63.05
2026-04-11,柚子,460,163.8,43.2,253,食品二班,55
2026-05-25,鳳梨,215,65.7,19.3,130,食品一班,60.47
2026-02-04,鳳梨,301,103.1,20.9,177,食品三班,58.8
2026-05-05,奇異果,195,25.6,5.7,163.7,食品三班,83.95
2026-02-26,奇異果,219,40.3,13.8,164.9,食品三班,75.3
2026-03-30,鳳梨,329,104.2,36.6,188.2,食品二班,57.2
2026-04-15,蘋果,454,40.4,10.2,403.4,食品三班,88.85
2026-05-13,柚子,363,100.2,36.4,226.4,食品二班,62.37
2026-05-22,蘋果,130,10.5,3.8,115.7,食品三班,89
2026-03-01,柚子,488,174.7,34.6,278.7,食品二班,57.11
2026-04-13,草莓,177,14.9,6.1,156,食品三班,88.14
2026-01-05,鳳梨,361,110.8,42.7,207.5,食品一班,57.48
2026-03-13,柚子,106,35.6,4.5,65.9,食品二班,62.17
2026-02-24,芒果,417,78,13,326,食品二班,78.18
2026-05-16,奇異果,179,24.8,3.2,151,食品三班,84.36
2026-04-25,蘋果,241,21.4,4.4,215.2,食品二班,89.29
2026-01-30,草莓,315,36.8,10.4,267.8,食品二班,85.02
2026-05-01,柚子,368,106.9,43.3,217.8,食品三班,59.18
2026-03-05,草莓,443,46.2,18.6,378.2,食品二班,85.37
2026-04-12,奇異果,446,77.9,14.5,353.6,食品三班,79.28
2026-01-14,柚子,324,108.7,36.1,179.2,食品一班,55.31
2026-05-12,奇異果,273,46,9.7,217.3,食品二班,79.6
2026-01-02,草莓,364,37.3,7.2,319.5,食品三班,87.77
2026-02-11,柚子,169,50.5,15.9,102.6,食品二班,60.71
2026-02-13,蘋果,428,45.2,5.3,377.5,食品一班,88.2
2026-04-02,蘋果,141,11.6,4.3,125.1,食品二班,88.72
2026-01-27,鳳梨,229,64.6,26.9,137.5,食品二班,60.04
2026-04-24,草莓,122,15.6,1.9,104.5,食品一班,85.66
2026-03-31,奇異果,397,61,25.5,310.5,食品二班,78.21
2026-01-08,柚子,218,64,13.8,140.2,食品二班,64.31
2026-05-06,蘋果,345,28.7,10,306.3,食品一班,88.78
2026-03-12,鳳梨,349,134.6,22,192.4,食品三班,55.13
2026-04-19,芒果,362,59.9,22.9,279.2,食品三班,77.13
2026-04-01,柚子,380,123.9,40.7,215.4,食品二班,56.68
2026-03-30,草莓,221,13.6,5.2,202.2,食品三班,91.49
2026-02-08,草莓,178,20.7,4.8,152.5,食品一班,85.67
2026-01-08,芒果,435,70.8,20.9,343.3,食品三班,78.92
2026-03-31,芒果,415,69.2,14.3,331.5,食品二班,79.88
2026-05-09,草莓,113,12.4,3.5,97.1,食品二班,85.93
2026-03-18,芒果,329,61.2,19.2,248.6,食品一班,75.56
2026-01-07,柚子,182,61.8,12.1,108.1,食品一班,59.4
2026-01-20,芒果,415,68.5,26.7,319.8,食品二班,77.06
2026-03-17,奇異果,424,54.4,22.7,346.9,食品三班,81.82
2026-02-07,鳳梨,154,49.9,9.8,94.3,食品一班,61.23
2026-03-19,草莓,202,16.1,1.8,184.1,食品一班,91.14
2026-02-13,草莓,317,19.6,7.4,290,食品二班,91.48
2026-01-16,草莓,206,15.5,3.5,187,食品二班,90.78
2026-02-25,鳳梨,195,54.3,17.6,123.1,食品三班,63.13
2026-04-02,鳳梨,159,51.5,15.8,91.7,食品一班,57.67
2026-01-24,奇異果,178,30.7,10.8,136.5,食品二班,76.69
2026-01-27,鳳梨,402,127.5,22.4,252.1,食品一班,62.71
2026-02-21,芒果,412,73.8,28.8,309.4,食品二班,75.1
2026-04-22,鳳梨,298,113.8,20.3,163.9,食品一班,55
2026-02-19,奇異果,311,56,15.6,239.4,食品三班,76.98
2026-04-28,奇異果,421,73.8,24.1,323.1,食品二班,76.75
2026-05-29,鳳梨,495,140.6,36.3,318.1,食品三班,64.26
2026-02-06,芒果,292,55.5,6.7,229.8,食品三班,78.7
2026-03-07,蘋果,301,37.9,4.7,258.4,食品一班,85.85
2026-02-19,草莓,334,33.2,6.4,294.4,食品一班,88.14
2026-04-17,奇異果,456,61.9,21.5,372.6,食品一班,81.71
2026-03-13,蘋果,305,25.9,5.4,273.7,食品二班,89.74
2026-01-31,芒果,237,44.4,14.4,178.2,食品一班,75.19
2026-02-26,芒果,328,52.3,20.3,255.4,食品一班,77.87
2026-02-20,芒果,352,65.7,13,273.3,食品三班,77.64
2026-02-11,奇異果,258,42.9,7.6,207.5,食品二班,80.43
2026-01-14,蘋果,492,42.5,16.7,432.8,食品一班,87.97
2026-05-18,鳳梨,393,113.6,34.8,244.6,食品三班,62.24
2026-02-06,鳳梨,351,127.3,18.1,205.6,食品一班,58.58
2026-02-09,鳳梨,404,129.2,42.1,232.7,食品二班,57.6
2026-05-24,芒果,420,72.6,29.6,317.8,食品一班,75.67
2026-02-02,蘋果,305,33.2,6.5,265.3,食品一班,86.98
2026-04-08,柚子,447,140.6,51.4,255,食品二班,57.05
2026-05-19,芒果,186,29.3,6.8,149.9,食品二班,80.59
2026-02-02,蘋果,219,17.4,6.8,194.8,食品一班,88.95
2026-01-23,奇異果,102,17.3,6.1,78.6,食品一班,77.06
2026-04-11,草莓,474,34.8,11.6,427.6,食品三班,90.21
2026-02-03,芒果,224,37.5,11.9,174.6,食品一班,77.95
2026-01-26,蘋果,153,18.5,4,130.5,食品三班,85.29
2026-04-27,草莓,308,28.4,4.7,274.9,食品二班,89.25
2026-01-20,奇異果,121,17.8,6.3,96.9,食品一班,80.08
2026-03-10,柚子,439,154.1,43,241.9,食品二班,55.1
2026-05-29,鳳梨,390,136.2,26.3,227.5,食品三班,58.33
2026-03-22,芒果,229,43.5,11,174.5,食品一班,76.2
2026-01-23,柚子,423,115.3,44,263.7,食品二班,62.34
2026-04-30,芒果,418,73.9,21,323.1,食品一班,77.3
2026-05-06,芒果,203,34.9,12.6,155.5,食品二班,76.6
2026-01-17,蘋果,259,27.2,6.9,224.9,食品三班,86.83
2026-02-14,鳳梨,397,135.6,30.7,230.7,食品二班,58.11
2026-04-13,蘋果,125,12.3,3.7,109,食品一班,87.2
2026-03-14,奇異果,235,37.3,10.8,186.9,食品三班,79.53
2026-05-03,奇異果,209,39.6,12.2,157.2,食品一班,75.22
2026-02-16,草莓,191,16.9,4.1,170,食品一班,89.01
2026-01-23,芒果,210,35.8,7.5,166.7,食品二班,79.38
2026-05-21,柚子,339,104,38.4,196.6,食品一班,57.99
2026-03-03,奇異果,243,31.7,7.1,204.2,食品三班,84.03
2026-03-20,芒果,265,57.4,7.6,200,食品二班,75.47
2026-05-25,草莓,220,17.2,2.2,200.6,食品一班,91.18
2026-02-15,芒果,313,50.9,15.7,246.4,食品一班,78.72
2026-04-24,奇異果,425,83.1,15.5,326.4,食品二班,76.8
2026-01-16,柚子,496,158.6,54.1,283.3,食品二班,57.12
2026-03-02,草莓,460,41.4,7.7,410.9,食品三班,89.33
2026-03-02,奇異果,276,51.4,14.7,209.9,食品一班,76.05
2026-01-13,柚子,453,155.6,24.1,273.3,食品二班,60.33
2026-01-26,蘋果,336,29.7,12,294.3,食品一班,87.59
2026-03-01,草莓,252,25.5,5.3,221.2,食品二班,87.78
2026-04-12,鳳梨,337,91,38.2,207.8,食品三班,61.66
2026-03-29,蘋果,492,43.9,11.3,436.8,食品二班,88.78
2026-05-06,柚子,473,190.1,21.9,261,食品三班,55.18
2026-03-03,柚子,115,44.6,5,65.4,食品二班,56.87
2026-01-05,草莓,183,14.7,4,164.3,食品一班,89.78
2026-04-04,草莓,121,12.5,4.5,104,食品三班,85.95
2026-03-22,奇異果,309,39.2,9.7,260.1,食品三班,84.17
2026-04-17,蘋果,416,42.8,14.6,358.6,食品一班,86.2
2026-05-03,鳳梨,350,117.8,13.3,218.9,食品二班,62.54
2026-04-03,奇異果,284,33.2,13.5,237.3,食品三班,83.56
2026-01-06,柚子,252,67.8,26.5,157.7,食品二班,62.58
2026-04-06,奇異果,254,50.5,6.4,197.1,食品三班,77.6
2026-01-13,芒果,113,21.9,5.7,85.4,食品一班,75.58
2026-01-24,奇異果,155,25.1,10.2,119.7,食品一班,77.23
2026-03-19,草莓,445,37.9,9.6,397.5,食品一班,89.33
2026-02-01,草莓,307,21.3,5.9,279.8,食品二班,91.14
2026-04-23,柚子,469,145.2,34.9,288.9,食品二班,61.6
2026-04-04,柚子,175,57.9,10.1,107,食品三班,61.14
2026-05-05,草莓,246,20.6,8,217.4,食品三班,88.37
2026-05-16,蘋果,164,15.4,2.5,146.1,食品一班,89.09
2026-01-01,蘋果,175,19.5,6.7,148.8,食品二班,85.03
2026-03-07,蘋果,477,40.8,16.7,419.5,食品一班,87.95
2026-03-12,蘋果,360,38.4,12,309.6,食品一班,86
2026-04-27,芒果,283,46.6,9.5,226.9,食品二班,80.18
2026-01-15,蘋果,304,28.2,5.8,270,食品二班,88.82
2026-05-30,柚子,407,116.5,43,247.5,食品二班,60.81
2026-05-24,鳳梨,236,71.2,13.7,151.1,食品一班,64.03
2026-04-15,柚子,334,100,18.9,215.1,食品三班,64.4
2026-02-04,蘋果,205,23,2.7,179.3,食品二班,87.46
2026-04-11,草莓,343,37.7,13.7,291.6,食品一班,85.01
2026-01-18,草莓,491,37.4,5.2,448.4,食品三班,91.32
2026-04-12,鳳梨,126,39.6,8.2,78.2,食品三班,62.06
2026-01-30,鳳梨,377,116.5,23.3,237.2,食品三班,62.92
2026-05-18,奇異果,413,48.4,19.6,345,食品二班,83.54
2026-05-03,鳳梨,477,150.6,47.9,278.5,食品三班,58.39
2026-05-16,柚子,274,89.4,33.7,150.9,食品三班,55.07
2026-02-05,鳳梨,168,54.6,17.3,96.1,食品三班,57.2
2026-01-16,鳳梨,259,90.6,16.9,151.5,食品三班,58.49
2026-01-07,草莓,189,19.8,7.5,161.7,食品二班,85.56
2026-04-02,草莓,224,28,4.6,191.4,食品二班,85.45
2026-02-14,芒果,351,51,19.4,280.6,食品二班,79.94
2026-01-20,鳳梨,318,88.2,35.8,194,食品一班,61.01
2026-02-08,鳳梨,346,116.6,26.3,203.1,食品三班,58.7
2026-04-29,草莓,227,20.9,8.9,197.2,食品二班,86.87
2026-03-15,鳳梨,100,33.1,6.3,60.6,食品一班,60.6
2026-05-09,草莓,108,9,1.7,97.3,食品一班,90.09
2026-01-24,蘋果,242,24.3,7.2,210.5,食品三班,86.98
2026-04-10,鳳梨,134,46.6,10.3,77.1,食品二班,57.54
2026-02-26,柚子,203,57.1,16.3,129.6,食品一班,63.84
2026-03-05,蘋果,433,35.3,9.9,387.8,食品三班,89.56
2026-05-05,芒果,375,56.6,22.8,295.6,食品二班,78.83
2026-02-13,奇異果,200,35.9,10.6,153.5,食品三班,76.75
2026-02-23,鳳梨,188,51.9,19.4,116.7,食品二班,62.07
2026-03-23,芒果,164,25,7.7,131.3,食品三班,80.06
2026-01-30,草莓,370,40.2,9.9,319.9,食品三班,86.46
2026-03-02,芒果,392,67.3,26.8,297.9,食品二班,75.99
2026-03-05,草莓,291,27.6,5.8,257.6,食品三班,88.52
2026-02-07,鳳梨,131,37.4,15.8,77.8,食品一班,59.39
2026-04-23,草莓,197,21.6,5.9,169.5,食品三班,86.04
2026-02-17,芒果,409,59.7,22.2,327.1,食品二班,79.98
2026-02-10,鳳梨,201,64.6,22.1,114.3,食品一班,56.87
2026-01-22,芒果,152,26.3,8.2,117.5,食品一班,77.3
2026-03-18,鳳梨,353,96.8,35.9,220.3,食品一班,62.41
2026-05-05,芒果,367,58.1,17.1,291.8,食品二班,79.51
2026-04-19,蘋果,378,42.2,7.4,328.4,食品一班,86.88
2026-03-01,柚子,489,148.1,28.6,312.3,食品二班,63.87
2026-01-05,蘋果,253,24.3,6.3,222.4,食品三班,87.91
2026-01-15,芒果,400,53.7,20.1,326.2,食品三班,81.55
2026-05-11,蘋果,395,40.2,15.6,339.2,食品二班,85.87
2026-01-02,芒果,143,21.9,4.1,117,食品一班,81.82
2026-03-13,柚子,457,163.3,29.5,264.2,食品一班,57.81
2026-03-08,芒果,467,83.1,22.5,361.4,食品一班,77.39
2026-02-20,芒果,265,51.5,7.4,206.1,食品三班,77.77
2026-03-01,奇異果,306,45.7,16.2,244.1,食品三班,79.77
2026-03-30,芒果,239,38.3,9.5,191.2,食品一班,80
2026-05-08,芒果,324,53.4,13,257.6,食品一班,79.51
2026-04-21,蘋果,355,26.4,9.7,318.9,食品三班,89.83
2026-05-20,鳳梨,273,72.8,29.6,170.6,食品三班,62.49
2026-05-16,柚子,152,48.6,19.3,84.1,食品一班,55.33
2026-02-23,柚子,208,59.7,22.2,126.1,食品一班,60.62
2026-01-11,蘋果,416,36,14,366,食品三班,87.98
2026-04-08,草莓,291,24.3,3.7,263,食品三班,90.38
2026-04-13,草莓,337,30.5,6.7,299.8,食品二班,88.96
2026-04-30,鳳梨,289,92.3,14.9,181.8,食品二班,62.91
2026-01-20,奇異果,458,57,19.5,381.5,食品三班,83.3
2026-02-27,草莓,246,20,4.4,221.6,食品三班,90.08
2026-04-16,蘋果,456,40.5,11.9,403.6,食品一班,88.51
2026-03-22,芒果,320,67.5,8.6,243.9,食品二班,76.22
2026-04-25,鳳梨,124,32.1,12,79.9,食品二班,64.44
2026-02-17,蘋果,342,33.4,8.7,299.9,食品三班,87.69
2026-03-15,芒果,427,72.6,14.3,340.1,食品三班,79.65
2026-02-17,鳳梨,318,93.3,30.8,193.9,食品二班,60.97
2026-04-23,蘋果,133,11.7,4.6,116.7,食品一班,87.74
2026-05-24,蘋果,438,40.9,13.1,384,食品三班,87.67
2026-04-27,草莓,138,12.2,2,123.8,食品三班,89.71
2026-01-23,奇異果,370,49.4,6.2,314.4,食品三班,84.97
2026-01-08,奇異果,453,80.3,12.5,360.2,食品二班,79.51
2026-04-10,蘋果,325,29.8,4.5,290.7,食品一班,89.45
2026-02-21,草莓,253,14.8,5.8,232.4,食品一班,91.86
2026-01-02,草莓,490,62.2,9.5,418.3,食品二班,85.37
2026-05-10,草莓,235,19.1,4.5,211.4,食品三班,89.96
2026-02-19,鳳梨,314,88.1,27,198.9,食品三班,63.34
2026-05-02,芒果,271,47.6,13.3,210.1,食品一班,77.53
2026-02-03,奇異果,134,20.3,7.4,106.3,食品一班,79.33
2026-01-19,蘋果,109,9,2.1,97.9,食品二班,89.82
2026-04-28,奇異果,385,66.4,12.9,305.7,食品一班,79.4
2026-05-25,芒果,446,72.6,23.6,349.8,食品二班,78.43
2026-03-20,奇異果,323,47.6,13.7,261.7,食品二班,81.02
2026-02-02,鳳梨,126,38.3,15.7,72,食品一班,57.14
2026-02-14,草莓,353,24.1,8.1,320.8,食品三班,90.88
2026-05-06,蘋果,296,33.4,5.5,257.1,食品二班,86.86
2026-04-24,草莓,144,10.4,3.3,130.3,食品一班,90.49
2026-04-06,草莓,332,33.5,13.8,284.7,食品一班,85.75
2026-01-08,柚子,416,161.9,19.2,234.9,食品三班,56.47
2026-02-17,蘋果,482,47.7,9.4,424.9,食品三班,88.15
2026-04-27,草莓,420,53.4,6.8,359.8,食品二班,85.67
2026-02-06,草莓,303,21,7.1,274.9,食品三班,90.73
2026-03-02,鳳梨,113,30.6,10.4,72,食品二班,63.72
2026-05-03,芒果,430,60.5,23.8,345.7,食品三班,80.4
2026-05-27,草莓,266,24,8.4,233.6,食品一班,87.82
2026-01-26,柚子,159,48.4,8.9,101.7,食品二班,63.96
2026-05-05,蘋果,403,33.2,11.5,358.3,食品二班,88.91
2026-05-02,草莓,346,29.7,9.1,307.2,食品一班,88.79
2026-02-21,芒果,376,74.7,15.8,285.5,食品三班,75.93
2026-02-28,柚子,453,154.7,21.3,277,食品三班,61.15
2026-05-17,芒果,397,69.4,29.5,298.1,食品一班,75.09
2026-03-07,鳳梨,343,117.9,21.6,203.5,食品一班,59.33
2026-03-09,鳳梨,162,57.4,11.3,93.3,食品三班,57.59
2026-05-04,柚子,382,125.4,43,213.6,食品二班,55.92
2026-01-21,柚子,356,99.5,41.7,214.8,食品一班,60.34
2026-03-01,鳳梨,450,148.8,34.9,266.3,食品一班,59.18
2026-05-05,奇異果,291,48.6,20.7,221.7,食品二班,76.19
2026-03-20,草莓,424,28.8,8,387.2,食品三班,91.32
2026-03-14,柚子,482,138.5,37.2,306.3,食品一班,63.55
2026-05-01,芒果,266,50.4,5.7,209.9,食品二班,78.91
2026-01-25,奇異果,334,44.7,8.1,281.2,食品一班,84.19
